OBJECTID,FIXED_PHARMACY,FIXED_ADDRESS,ZIPCODE,PHONE,HPV,T_DAP,OTHERS_BY_REQUEST,MENINGITIS,PNEUMOCOCCAL,WHOOPING_COUGH,TETANUS,MMR,PNEUMONIA,SHINGLES,INFLUENZA,HEPATITIS_A,HEPATITIS_B,NALOXONE_PROVIDER,INTRANASAL_NALOXONE,NALOXONE_INJECTOR,NALOXONE_TABLET,TOBACCO
1,18th Street Apothecary,113 S 18TH ST,19103,(215) 564-0900,,,,,,,,,,,,,,YES,YES,,,
2,26th & Lehigh Pharmacy,2602 W LEHIGH AVE,19132,(267) 687-2702,,,,,,,,,,,,,,YES,YES,,,
3,29th Street Pharmacy,2334 N 29TH ST,19132,(215) 309-3866,,,,,,,,,,,,,,YES,YES,,,
4,65th & Woodland Pharmacy,6548 WOODLAND AVE,19142,(215) 727-9501,,,,,,,,,,,,,,YES,YES,,,
5,8th Street Pharmacy,819 S 8TH ST,19147,(215) 592-8888,,,,,,,,,YES,YES,YES,,,YES,YES,,,
6,A & F PHARMACY,3200 FRANKFORD AVE,19134,(215) 425-5881,,,,,,,,,,,,,,YES,YES,,,
7,9th & Girard Pharmacy,901 W GIRARD AVE,19123,(215) 235-8800,,,,,,,,,,,,,,YES,YES,,,
8,A Plus Pharmacy,13023 BUSTLETON AVE,19116,(267) 731-6163,,,,,,,,,,,YES,,,YES,YES,,,
9,A & W PHARMACY,2623 E WESTMORELAND ST,19134,(215) 426-4100,,,,,,,,,,,,,,YES,YES,,,
10,Academy Pharmacy,10101 ACADEMY RD,19114,(215) 632-2121,,,,,,,,,,,,,,YES,YES,,,
11,ACME Pharmacy,180 W GIRARD AVE,19123,(215) 574-1221,,,,,,,,,,,,,,YES,YES,,,
12,ACME Pharmacy #3,7700 CRITTENDEN ST,19118,(215) 248-6495,,,,,,,,,,,,,,YES,YES,,,
13,ACME Pharmacy #2,2101 COTTMAN AVE,19149,(215) 728-1015,,,,,,,,,,,,,,YES,YES,,,
14,Acme Sav-on Pharmacy,1901 JOHNSTON ST,19145,(215) 336-5553,,,,,,YES,,,YES,,YES,,,YES,YES,,,
15,Acme Sav-on Pharmacy,1400 E PASSYUNK AVE,19147,(215) 551-3321,,YES,,,,YES,,,,,YES,,,YES,YES,,,
16,ACME SAV-ON PHARMACY,7010 GERMANTOWN AVE,19119,(215) 247-4995,,,,YES,,,,,YES,YES,YES,YES,,YES,YES,,,
17,ACME SAV-ON PHARMACY,5927 RIDGE AVE,19128,(215) 487-3419,,,,YES,,,,,YES,YES,YES,YES,,YES,YES,,,
18,AHF Pharmacy,1211 CHESTNUT ST,19107,(215) 971-2808,,,,,,,,,,,,,,YES,YES,,,
19,ACME SAV-ON PHARMACY,8200 ROOSEVELT BLVD,19152,(215) 338-4967,,,YES,,,,YES,,,,YES,,,YES,YES,,,
20,Allegheny Apothecary,2244 E ALLEGHENY AVE,19134,(215) 203-0194,,,,,,,,,,,,,,YES,YES,,,
21,Allegheny Discount Pharmacy,2704 W ALLEGHENY AVE,19132,(267)758-2991,,,,,,,,,,,,,,YES,YES,,,
22,ARCH PHARMACY,933 ARCH ST,19107,(215) 925-9666,,,,,,,,,,,,,,YES,YES,,,
23,APOLLO PHARMACY,460 W LEHIGH AVE,19133,,,,YES,,,,,,,,,,,,,,,
24,Aspire Pharmacy,4307 LOCUST ST,19104,(215) 883-0332,,,,,,,,,,,,,,YES,YES,YES,,
25,AV Pharmacy,3237 KENSINGTON AVE,19134,(215) 760-0452,,,,,,,,,,,,,,YES,YES,,,
26,B & A Pharmacy,3138 N BROAD ST,19132,(215) 309-5701,,,,,,,,,,,,,,YES,YES,,,
27,"BELL APOTHECARY, INC.",4014 LANCASTER AVE,19104,(215) 387-9100,,,,,,,,,,,,,,YES,YES,,,
28,Bell-Edge Pharmacy,5401 CHESTER AVE,19143,(215) 729-4139,,,,,,,,,,,,,,YES,YES,,,
29,Bells Market Pharmacy,8330 BUSTLETON AVE,19152,(215) 342-6016,,,,,,,,,,,,,,YES,YES,,,
30,Bertolino's Pharmacy,1500 S 12TH ST,19147,(215) 389-5917,,,,,,,,,,,,,,YES,YES,,,
31,Bluegrass Pharmacy,2417 WELSH RD,19114,(215) 676-7650,,,,,,,,,,,,,,YES,YES,,,
32,Best Care Pharmacy,257 N 52ND ST,19139,(267) 292-5011,,,,,,,,,,,,,,YES,YES,,,
33,Bridesburg Pharmacy,2608 ORTHODOX ST,19137,(215) 744-2277,,,,,,,,,,,,,,YES,YES,,,
34,Brewerytown RX Pharmacy,2621 W GIRARD AVE,19130,(267) 773-8349,,,,,,,,,,,,,,YES,YES,,,
35,"Bright Medical Technology Inc., Pharmacy",2020 NAPFLE ST,19152,(215) 725-6337,,,,,,,,,,,,,,YES,YES,,,
36,BROAD & GRANGE PHARMACY,5751 N BROAD ST,19141,(215) 424-2611,,,,,,,,,,,,,,YES,YES,,,
37,Broad & Lehigh Pharmacy,1300 W LEHIGH AVE,19132,(215) 228-9007,,,,,,,,,,,YES,,,YES,YES,,,
38,BROAD ST. APOTHECARY,2426 S BROAD ST,19145,(215) 551-9485,,,,,,,,,,,,,,YES,YES,,,
39,Broad Street Family Pharmacy,1416 S BROAD ST,19146,(215) 755-2010,,,,,,,,,,,,,,YES,YES,,,
40,Bucks Philadelphia Medical Care Group,10745 HALDEMAN AVE,19116,(215)947-6238,,,,,,,,,,,,,,YES,YES,,,
41,Cambria Pharmacy,2860 N 5TH ST,19133,(215) 225-2886,,,,,,,,,,,,,,YES,YES,,,
42,Buena Salud Pharmacy,3119 FRANKFORD AVE,19134,(215) 426-5181,,,,,,,,,,,,,,YES,YES,,,
43,Cambria Pharmacy,2900 GERMANTOWN AVE,19133,(215) 229-6454,,,YES,,,,,,,,,,,YES,YES,,,
44,Cambria Pharmacy,3169 N 5TH ST,19133,(215) 425-6869,,,,,,,,,,,,,,YES,YES,,,
45,Campus Pharmacy,4027 MARKET ST,19104,(215) 921-5660,,,,,,,,,,,,,,YES,YES,,,
46,Care Plus Pharmacy,110 W SUSQUEHANNA AVE,19122,(215) 279-7295,,,,,,,,,,,,,,YES,YES,,,
47,Care Trust Pharmacy,2534 E ALLEGHENY AVE,19134,(215) 426-0200,,,,,,,,,,,,,,YES,YES,,,
48,Caribbean Pharmacy,3825 N 5TH ST,19140,(215) 278-7711,,,,,,,,,,,,,,YES,YES,,,
49,Carecenter Pharmarcy LLC,34TH ST AND CIVIC CENTER BLVD,19104,(215) 823-6993,,,,,,,,,,,,,,YES,YES,,,
50,Caring Pharmacy,2541 KENSINGTON AVE,19125,(215) 739-9975,,,,,,,,,,,,,,YES,YES,,,
51,CENTENNIAL PHARMACY,2660 LEFEVRE ST,19137,(215) 535-4111,,YES,YES,,,,,,,YES,YES,,,YES,YES,,,
52,CASTOR AVE & SURGICAL PHARMACY,6449 CASTOR AVE,19149,(267) 233-1758,,,,,,,,,,,,,,YES,YES,,,
53,Centennial Pharmacy South Philly,2036 S 3RD ST,19148,(215) 468-2111,,,,,,,,,,,,,,YES,YES,,,
54,CENTENNIAL PHARMACY,843 S 2ND ST,19147,,,,YES,,,,,,,YES,YES,,,,,,,
55,CHELTEN DRUG STORE,2137 E CHELTEN AVE,19138,(215) 548-5223,,,,,,,,,,,,,,YES,YES,,,
56,CIRCLE PHARMACY,2853 HOLME AVE,19152,(215) 677-1111,,,,,,,,,,,,,,YES,YES,,,
57,CENTER PHARMACY ,516 W ERIE AVE,19140,(215) 225-0998,,,,,,,,,,,,,,YES,YES,,,
58,CITIMED PHARMACY,7606 OGONTZ AVE,19150,(215) 224-7100,,,,,,,,,,,,,,YES,YES,,,
59,Community Care RX,7601 CASTOR AVE Suite 200,19152,(215) 722-3400,,,,,,,,,,,,,,YES,YES,,,
60,Community Care RX,7601 CASTOR AVE Suite 201,19152,(215) 722-2500,,,,,,,,,,,,,,YES,YES,,,
61,CROWN DRUGS,6519 FRANKFORD AVE,19135,(215) 624-4224,,,,,,,,,,,,,,YES,YES,,,
62,CVS Pharmacy,11000 ROOSEVELT BLVD #3,19116,(215) 305-0001,,,,,,,,,,,,,,YES,YES,YES,,
63,Contract Pharmacy Services-pph,6500 TABOR AVE,19111,(215) 214-6608,,,,,,,,,,,,,,YES,YES,,,
64,Cure Discount Pharmacy,2310 N BROAD ST,19132,(215) 223-5700,,,,,,,,,,,,,,YES,YES,,,
65,CVS Pharmacy,7162 RIDGE AVE,19128,(215) 483-2124,,,,,,,,,,,,,,YES,YES,,,
66,CVS Pharmacy,7219 RIDGE AVE Domino Lane N,19128,(215) 483-4180,,,,,,,,,,,,,,YES,YES,,,
67,CVS Pharmacy,1 MIFFLIN ST,19148,(215) 463-3301,,,,,,,,,,,,,,YES,YES,,,
68,CVS Pharmacy,1001 WASHINGTON AVE,19147,(215) 755-7803,,,,,,,,,,,,YES,YES,YES,YES,,,
69,CVS Pharmacy,1046 MARKET ST,19107,(215) 592-1543,,YES,,,,,,,,,YES,,,YES,YES,,,
70,CVS Pharmacy,1051 SOUTH ST,19147,(215) 829-0670,,YES,,,,,,,YES,YES,YES,YES,YES,YES,YES,,,
71,CVS Pharmacy,10901 BUSTLETON AVE,19116,(215) 677-2122,,,,,,,,,,,,,,YES,YES,,,
72,CVS Pharmacy,1117 WALNUT ST,19107,(215) 627-2143,,,,,,,,,,,,,,YES,YES,,,
73,CVS Pharmacy,1301 RHAWN ST,19111,(215) 342-1445,,,,,,,,,,,,YES,,YES,YES,,,
74,CVS Pharmacy,1424 CHESTNUT ST,19102,(215) 963-9316,YES,YES,,,,,,,,YES,YES,,YES,YES,YES,,,
75,CVS Pharmacy,1500 SPRUCE ST,19102,(215) 790-3290,,,YES,,,,,,,,YES,YES,YES,YES,YES,,,
76,CVS Pharmacy,1405 S 10TH ST,19147,(215) 465-2130,YES,YES,,YES,,,,,YES,YES,YES,YES,YES,YES,YES,,,
77,CVS Pharmacy,15500 BUSTLETON AVE,19116,(215) 677-8593,,YES,YES,,,,,,YES,YES,YES,YES,YES,YES,YES,,,
78,CVS Pharmacy,1600 WADSWORTH AVE,19150,(215) 836-1323,,,,,,,,,,,,,,YES,YES,,,
79,CVS Pharmacy,1826 CHESTNUT ST,19103,(215) 972-0909,,YES,YES,,,,,YES,YES,YES,YES,YES,YES,YES,YES,,,
80,CVS Pharmacy,1919 MARKET ST,19103,(215) 665-8072,,,,,,,,,,,,YES,YES,YES,YES,,,
81,CVS Pharmacy,1901 W OREGON AVE,19145,(215) 551-8265,,,,,,,,,,,,,YES,YES,YES,YES,,
82,CVS Pharmacy,2320 FAIRMOUNT AVE,19130,(215) 232-5262,,YES,YES,,,,,,YES,YES,YES,YES,YES,YES,YES,YES,,
83,CVS Pharmacy,2400 ARAMINGO AVE,19125,(215) 291-8315,,YES,,,YES,,,,,,YES,YES,YES,YES,YES,,,
84,CVS Pharmacy,2450 SHOPPERS LN,19150,(267)-628-3281,,,,,,,,,,,,,,YES,YES,,,
85,CVS Pharmacy,259 MARKET ST,19106,(215) 625-3740,,,,YES,,,,,,YES,YES,,YES,YES,YES,,,
86,CVS Pharmacy,2701 CASTOR AVE,19134,(215) 305-9051,,,,,,,,,,,,,,YES,YES,YES,,
87,CVS PHARMACY,2123 N BROAD ST,,,,YES,YES,,,,,YES,YES,YES,YES,YES,YES,,,,,
88,CVS Pharmacy,3300 S BROAD ST,19145,(215) 463-0891,,YES,YES,,,,,,YES,YES,YES,YES,YES,YES,YES,,,
89,CVS Pharmacy,3401 CIVIC CENTER BLVD,19104,(215) 823-6993,,,,,,,,,,,,,,YES,YES,,,
90,CVS Pharmacy,3331 GRANT AVE,19114,(215) 464-2636,,YES,YES,,,,,,YES,YES,YES,YES,YES,YES,YES,,,
91,CVS Pharmacy,3401 WALNUT ST,19104,(215) 662-1333,,YES,YES,,,,,,YES,YES,YES,YES,YES,YES,YES,,,
92,CVS Pharmacy,3780 MAIN ST,19127,(215) 508-3609,,YES,YES,,,,,,YES,YES,YES,YES,YES,YES,YES,,,
93,CVS Pharmacy,3925 WALNUT ST,19104,(215) 222-0829,,YES,YES,,,,,,YES,YES,YES,YES,YES,YES,YES,,,
94,CVS Pharmacy,4133 G ST,19124,(215) 831-9304,,YES,YES,,,,,,YES,YES,YES,YES,YES,YES,YES,,,
95,CVS Pharmacy,401 SPRING GARDEN ST,19123,(215) 418-3065,,YES,YES,,,,,,YES,YES,YES,YES,YES,YES,YES,,,
96,CVS Pharmacy,421 S 2ND ST,19147,(215) 627-3983,,,,,,,,,,,,YES,YES,YES,YES,YES,,
97,CVS Pharmacy,4314 LOCUST ST,19104,(215) 386-2093,,YES,YES,,,,,,YES,YES,YES,YES,YES,YES,YES,,,
98,CVS Pharmacy,4400 CASTOR AVE,19124,(215) 537-2754,,,,,,,,,,,,,,YES,YES,,,
99,CVS Pharmacy,4849 MARKET ST,19139,(215) 474-4801,,,,,,,,,,,,,,YES,YES,,,
100,CVS Pharmacy,501 N 22ND ST,19130,(215) 587-0271,,,,,,,,,,,,,,YES,YES,YES,,
101,CVS Pharmacy,518 PORT ROYAL AVE,19128,(215) 483-6680,,YES,YES,,,,,,YES,YES,YES,YES,YES,YES,YES,,,
102,CVS Pharmacy,5843 RISING SUN AVE,19120,(215) 728-4146,,,,,,,,,,,,,YES,YES,YES,YES,,
103,CVS Pharmacy,6150 N 5TH ST,19120,(215) 548-1110,,,,,,,,,,,,YES,YES,YES,YES,,,
104,CVS Pharmacy,6501 HARBISON AVE,19149,(215) 333-4300,,YES,YES,,,,,,YES,YES,YES,YES,YES,YES,YES,,,
105,CVS Pharmacy,6344 STENTON AVE,19138,(215) 548-1902,,,,,,,,,,,,,,YES,YES,,,
106,CVS Pharmacy,6562 HAVERFORD AVE,19151,(215) 748-3432,,,,,,,,,,,,,,YES,YES,,,
107,CVS PHARMACY,6562 HAVEFORD AVE,19151,,,YES,YES,,,,,,YES,YES,YES,YES,YES,,,,,
108,CVS Pharmacy,6601 N BROAD ST,19126,(215) 924-1633,,,,,,,,,,,,,,YES,YES,,,
109,CVS PHARMACY,6900 LINDBERGH BLVD,19142,,,YES,,,,,,,YES,YES,YES,YES,YES,,,,,
110,CVS Pharmacy,6701 RIDGE AVE,19128,(215) 483-4179,,YES,YES,,,,,,YES,YES,YES,YES,YES,YES,YES,,,
111,CVS Pharmacy,7065 LINCOLN DRIVE,19119,(215) 242-1869,,,,,,,,,,,,,,YES,YES,,,
112,CVS Pharmacy,7350 OXFORD AVE,19111,(215) 342-7700,,YES,YES,,,,,,YES,YES,YES,YES,YES,YES,YES,,,
113,CVS PHARMACY,7400 BUSTLETON AVE,19152,,,YES,,,,,,,YES,YES,YES,YES,YES,,,,,
114,CVS Pharmacy,7520 CITY LINE AVE,19151,(215) 477-8401,,YES,,,,,,,YES,YES,YES,YES,YES,YES,YES,,,
115,CVS Pharmacy,7700 GERMANTOWN AVE,19118,(215) 242-0661,,,,,,,,,,,,,,YES,YES,,,
116,CVS Pharmacy,7720 BUSTLETON AVE,19152,(215) 342-1091,,,,,,,,,,,,,,YES,YES,,,
117,CVS Pharmacy,8525 FRANKFORD AVE,19136,(215) 331-9762,,YES,YES,,,,,,YES,YES,YES,YES,YES,YES,YES,,,
118,CVS Pharmacy,922 N BROAD ST,19130,(215) 232-7681,,,,,,,,,,,,,YES,YES,YES,,,
119,CVS Pharmacy,9875 BUSTLETON AVE,19115,(215) 969-8750,,,,,,,,,,,,YES,YES,YES,YES,,,
120,Davis Pharmacy,4523 BALTIMORE AVE,19143,(215) 222-3349,,,YES,,,,,,,,,,,YES,YES,,,
121,Delaware Valley Veterans Home Pharmacy,2701 SOUTHAMPTON RD,19154,(215) 856-2751,,,,,,,,,,,,,,YES,,YES,,
122,DELCO PHARMACY,5604 N BROAD ST,19141,(215) 927-0224,,,,,,,,,,,,,,YES,YES,,,
123,Deluxe Pharmacy,8749 FRANKFORD AVE,19136,(215) 941-7689,,,,,,,,,,,,,,YES,YES,,,
124,Diamond Pharmacy,2118 W DIAMOND ST,19121,(215) 278-2284,,,,,,,,,,,,,,YES,YES,YES,,
125,DISCOVER PHARMACY,6730 BUSTLETON AVE,19149,(215) 332-1111,,,,,,,,,,,,,,YES,YES,,,
126,Dream Pharmacy,9808 BUSTLETON AVE,19115,(215) 904-5548,,,,,,,,,,,,,,YES,YES,,,
127,Doctors Pharmacy INC,17 S 20TH ST,19103,(215) 567-6870,,,,,,,,,,,,,,YES,YES,,,
128,EAST FALLS PHARMACY ,3500 SUNNYSIDE AVE,19129,(267) 297-5427,,,,,,,,,,,,,,YES,YES,,,
129,EAST LEHIGH HEALTH PHARMACY,163 E LEHIGH AVE,19125,(215) 425-2299,,,,,,,,,,,,,,YES,YES,YES,,
130,Einstein Apothecary,5501 OLD YORK RD,19141,(215) 456-7880,,,,,,,,,,,,,,YES,YES,,,
131,ELLIS PHARMACY,2441 W BROWN ST,19130,(215) 765-1903,,,,,,,,,,,,,,YES,YES,,,
132,Ellis Prescription Pharmacy,2441 BROWN ST,19130,(215) 765-1903,,,,,,,,,,,,,,YES,YES,,,
133,Esperanza Health Center,2940 N 5TH ST,19133,(215) 221-6633,,,,,,,,,,,,,,YES,YES,,,
134,Emacare Pharmacy,6433 RISING SUN AVE,19111,(215) 745-0202,,,,,,,,,,,,,,YES,YES,,,
135,E-Z PHARMACY,1701 COTTMAN AVE,19111,(215) 728-6300,,,,,,,,,,,,,,YES,YES,,,
136,FAIRMOUNT PHARMACY,1900 GREEN ST,19130,(215) 567-0364,,,YES,,,,,,YES,,YES,,,YES,YES,,,
137,FAIRDALE PHARMACY,4019 FAIRDALE RD,19154,(215) 632-2828,,,,,,,,,,,,,,YES,YES,,,
138,Family Farmacia,2916 N 5TH ST,19133,(267) 457-3222,,,,,,,,,,,,,,YES,YES,,,
139,Farmacia,1530 W MOYAMENSING AVE,19145,(215) 465-1318,,,,,,,,,,,,,,YES,YES,,,
140,Family Rite Pharmacy,2538 W ALLEGHENY AVE,19132,(215) 225-2550,,,,,,,,,,,,,,YES,YES,,,
141,First Class Pharmacy,7316 FRANKFORD AVE,19136,(215) 331-3361,,,YES,,,,,,,,YES,,,YES,YES,,,
142,Fishtown Pharmacy,1802 FRANKFORD AVE,19125,(267) 687-7562,,,YES,,,,,,,YES,YES,,,YES,YES,,,
143,Four Star Pharmacy,7028 ELMWOOD AVE,19142,(215) 365-1088,,,,,,,,,,,,,,YES,YES,,,
144,Four Star Pharmacy II,6542 LEBANON AVE,19151,(215) 877-2400,,,,,,,,,,,,,,YES,YES,,,
145,Fox Chase Cancer Center Pharmacy,333 COTTMAN AVE,19111,(215) 728-3178,,,,,,,,,,,,,,YES,YES,,,
146,Frankford Health Pharmacy,4943 FRANKFORD AVE,19124,(215) 533-9300,,,,,,,,,,,,,,YES,YES,,,
147,Frankford Ave Pharmacy,4531 FRANKFORD AVE,19124,(215) 904-8801,,,,,,,,,,,,,,YES,YES,,,
148,Friendly Pharmacy,2258 N FRONT ST,19133,(215) 425-5230,,,,,YES,,,,,YES,YES,,,YES,YES,,,
149,FRIENDSHIP PHARMACY,3300 COTTMAN AVE,19149,(215) 624-0440,,,,,,,,,,,,,,YES,YES,,,
150,FUTURE PHARMACY,9831 BUSTLETON AVE,19115,(215) 671-0980,,,,,,,,,,,,,,YES,YES,,,
151,Genoa A Qol Healthcare Company,2600 N AMERICAN ST,19133,(215) 426-1007,,,,,,,,,,,,,,YES,YES,,,
152,GETWELL PHARMACY,4511 N 5TH ST,19140,(215) 457-5555,YES,YES,,,,,,YES,,,YES,YES,YES,YES,YES,YES,,
153,GERMANTOWN PHARMACY INC. ,5100 GERMANTOWN AVE,19144,(215) 844-1319,,,,,,,,,,,,,,YES,YES,,,
154,Giant Pharmacy,2550 GRANT AVE,19114,(215)464-8140,,,,,,,,,,,,,,YES,YES,,,
155,GETWELL PHARMACY II,708 W GIRARD AVE,19123,(215) 629-5566,,,,,,,,,,,,,,YES,YES,,,
156,Girard Ave Pharmacy,1348 W GIRARD AVE,19123,(215) 236-1210,,,,,,,,,,,,,,YES,YES,,,
157,GLENDALE RX CENTER,7601 CASTOR AVE #100,19152,(215) 722-6200,,,,,,,,,,,,,,YES,YES,,,
158,Golden Health Pharmacy,5401 CEDAR AVE,19143,(267) 969-3111,,,,,,,,,,,,,,YES,YES,,,
159,Gold's Pharmacy,7543 HAVERFORD AVE,19151,(215) 879-4653,,,,,,,,,,,,,,YES,YES,,,
160,GOOD HEART PHARMACY,4835 WOODLAND AVE,19143,,,,,,,,,,,,YES,,,,,,,
161,GPHA Pharmacy,4500 FRANKFORD AVE,19124,(215) 743-4106,,,,,,,,,,,,,,YES,YES,,,
162,Greater Philadelphia Pharmacy,1401 S 31ST ST,19146,(215) 789-6931,,,,,,,,,,,,,,YES,YES,,,
163,Greater Philadelphia Pharmacy,432 N 6TH ST,19123,(267) 519-0271,,,,,,,,,,,,,,YES,YES,,,
164,Greater Philadelphia Pharmacy,5501 WOODLAND AVE,19143,(215) 729-3912,,,,,,,,,,,,,,YES,YES,,,
165,Hahnemann Apothecary,230 N BROAD ST,19102,(215) 762-8901,,,,,,,,,,,,,,YES,YES,,,
166,HAUSSMANN'S PHARMACY,536 W GIRARD AVE,19123,(215) 925-1008,,,,,,,,,,,,,,YES,YES,,,
167,Haverford Pharmacy,5601 VINE ST,19139,(267) 787-5210,,,,,,,,,,,,,,YES,YES,,,
168,Healing Pharmacy,109 W CHELTEN AVE,19144,(267) 297-6482,,,YES,,,,,,YES,YES,YES,,,YES,YES,YES,YES,
169,Healthaid Pharmacy,6604 FRANKFORD AVE,19135,(215) 941-8020,,,,,,,,,,,,,,YES,YES,,,
170,Hillrise Pharmacy,4240 N BROAD ST,19140,(215) 403-7300,,,YES,,,,,,YES,,YES,,,YES,YES,,,
171,HKS PHARMACY,3357 N FRONT ST,19140,(215) 634-2444,,,,,,,,,,,,,,YES,YES,YES,,
172,Holmesburg Pharmacy,8039 FRANKFORD AVE,19136,(215) 332-2400,,,,,,,,,,,,,,YES,YES,,,
173,Hospital of the University of Penn Pharmacy,3400 SPRUCE ST,19104,(215) 662-2920,,,,,,,,,,,,,,YES,YES,,,
174,Hopkins Pharmacy,7700 RIDGE AVE,19128,(215) 483-0900,,YES,,,,,,,,,,,,YES,YES,,,
175,Jana Pharmacy,413 E WYOMING AVE,19120,(215) 324-7040,,,,,,,,,,,,,,YES,YES,,,
176,JEANES HOSPITAL PHARMACY,7600 CENTRAL AVE,19111,,,,YES,,,,,,,,,,,,,,,
177,Jays Hunting Park Pharmacy,2001 W HUNTING PARK AVE,19140,(215) 226-0140,,,,,,,,,,,,,,YES,YES,,,
178,Jefferson Apothecary,111 S 11TH ST,19107,(215) 955-8845,,,,,,,,,,,,,,YES,YES,,,
179,Jefferson Pharmacy,833 CHESTNUT ST,19107,(215) 955-4400,,,,,,,,,,,,,,YES,YES,,,
180,JEFFERSON PHARMACY,908 WALNUT ST,19107,(215) 503-1135,,,,,,,,,,,,,,YES,YES,,,
181,JFK Medical Center Pharmacy,3001 WALNUT ST,19104,(215) 386-4708,,,,,,,,,,,,,,YES,YES,,,
182,JJ PHARMACY,728 RED LION RD,19115,(215) 698-8080,,,,,,,,,,,,,,YES,,YES,,
183,"JOMICI APOTHERCARY,INC",273 S 15TH ST,19102,(215) 735-6337,,,,,,,,,YES,,YES,,,YES,YES,,,
184,Just Here II Pharmacy,2859 N 22ND ST,19132,(215) 226-8530,,,,,,,,,,,,,,YES,YES,,,
185,Kewan Pharmacy,7157 OGONTZ AVE,19138,(215) 929-1354,,,,,,,,,,,,,,YES,YES,YES,,
186,King Pharmacy,2100 W CAMBRIA ST,19132,(215) 226-2000,,,,,,,,,,,,,,YES,YES,,,
187,KREWSTOWN PHARMACY,9313 KREWSTON RD,19115,(215) 673-7373,,,,,,,,,,,,,,YES,YES,,,
188,La Vida Discount Pharmacy,3204 KENSINGTON AVE,19134,(215) 427-1603,,,,,,,,,,,,,,YES,YES,,,
189,K-Mart Pharmacy,7101 ROOSEVELT BLVD,19149,(215) 338-9637,,,,,,,,,,,,,,YES,YES,,,
190,Lan Apothecary,907 S 11TH ST,19147,(215) 923-1469,,,,,,,,,,,,,,YES,YES,,,
191,LANCASTER AVENUE  PHARMACY,4127 LANCASTER AVE,19104,(215) 921-8778,,,,,,,,,,,,,,YES,YES,YES,,
192,LEHIGH PHARMACY,1006 W LEHIGH AVE,19133,(215) 225-7522,,,,,,,,,YES,YES,YES,,,YES,YES,,,
193,Liberty Pharmacy,1926 E WASHINGTON LN,19138,(215) 927-4467,,,,,,,,,,,,,,YES,YES,,,
194,Linsky Pharmacy,1701 S 2ND ST,19148,(215) 389-4148,,,,,,,,,,,,,,YES,YES,,,
195,Live Well Pharmacy,5805 RISING SUN AVE,19120,(215) 821-2883,,,,,,,,,,,,,,YES,YES,,,
196,LN Pharmacy,5929 LANSDOWNE AVE,19151,(215) 473-0750,,,,,,,,,,,,,,YES,YES,YES,,
197,"M.D. COMPANY, INC.",1641 N FRANKLIN ST,19122,(215) 763-1875,,,,,,,,,,,,,,YES,YES,,,
198,MAYFAIR DRUG STORE,7522 FRANKFORD AVE,19136,(215) 338-2626,,,,,,,,,,,,,,YES,YES,,,
199,McKEAN STREET PHARMACY,2745 MCKEAN ST,19145,(215) 334-4185,,,,,,,,,,,,,,YES,YES,,,
200,MD Pharmacy,1941 N FRANKLIN ST,19122,(215) 763-1875,,,,,,,,,,,,,,YES,YES,,,
201,Medcare Pharmacy,5325 OLD YORK RD,19141,(215) 844-4500,,,,,,,,,,,,,,YES,,YES,,
202,MEDICAL TOWER PHARMACY,255 S 17TH ST,19103,(215) 545-3525,,,,,,,,,,,,,,YES,YES,,,
203,Methodist Hospital Apothecary,2301 S BROAD ST,19148,(215) 952-9385,,,,,,,,,,,,,,YES,YES,,,
204,Metro Care Pharmacy,2018 COTTMAN AVE,19149,(215) 342-8400,,,,,,,,,,,,,,YES,YES,,,
205,MR Pharmacy,2510 N FRONT ST,19133,(215) 634-3939,,,,,,,,,,,YES,,,YES,YES,,,
206,Morrison Pharmacy,6113 RIDGE AVE,19128,(215) 482-2697,,,,,,,,,,,,,,YES,YES,,,
207,MY PHARMACY,20 N 40TH ST,19104,(215) 222-1288,,,,,,,,,,,,,,YES,YES,,,
208,N D Pharmacy,5012 OLD YORK RD,19141,(215) 324-8477,,,,,,,,,,,,,,YES,YES,,,
209,N PHILLY PHARMACY,118 DIAMOND ST,19122,(215) 763-7080,,,YES,,,,,,,,,,,YES,YES,,,
210,NEFF SURGICAL PHARMACY,222 N 9TH ST,19107,(215) 627-4567,,,,,,,,,,,,,,YES,YES,,,
211,Neighborhood Pharm,5701 CHESTNUT ST,19139,(215) 307-3609,,,,,,,,,,,,,,YES,YES,,,
212,Nexcare Pharm II Inc,3227 KENSINGTON AVE,19134,(215) 454-6112,,,,,,,,,,,,,,YES,YES,,,
213,Nexcare Pharmacy,2941 N 5TH ST,19133,(215) 278-2797,,,,,,,,,,,,,,YES,,,YES,
214,Nova Star Pharmacy,301 E GIRARD AVE,19125,(215) 739-3900,,,YES,,,,YES,,YES,,YES,YES,YES,YES,YES,,,
215,OAK LANE PHARMACY,6724 OLD YORK RD,19126,(215) 924-9929,,,,,,,,,,,,,,YES,YES,,,
216,NICE PHARMACY,110 E ALLEGHENY AVE,19134,(215) 425-0100,,,,,,,,,,,,,,YES,YES,,,
217,Ogontz Family Pharmacy,7622 OGONTZ AVE,19150,(215) 548-4800,,,,,,,,,,,,,,YES,YES,,,
218,Oaks Pharmacy,1401 S 4TH ST,19147,(215) 465-1414,,,,,,,,,,,,,,YES,YES,,,
219,Old City Pharm,210 MARKET ST,19106,(215) 625-6668,,,,,,,,,,YES,YES,,,YES,YES,,,
220,Olde Philly Pharmacy,2600 S 16TH ST,19145,(267) 773-7825,,,,,,,,,,,,,,YES,YES,,,
221,OLDE PHILLY PHARMACY,2923 E THOMPSON ST,19134,(215) 739-0548,,,,,,,,,YES,,YES,,YES,YES,YES,YES,,
222,Overbrook Plaza Pharmacy,5610 LANCASTER AVE,19131,(215) 921-3656,,,,,,,,,,,,,,YES,YES,,,
223,OXFORD CIRCLE PHARMACY,1501 E CHELTENHAM AVE,19124,(215) 535-4302,,,,,,,,,,,,,,YES,YES,,,
224,OXFORD PHARMACY,3254 N FRONT ST,19140,(215) 425-1422,,,,,,,,,,,,,,YES,YES,,,
225,Packer Apothecary,1532 PACKER AVE,19145,(267) 909-9814,,,,,,,,,,,,,,YES,YES,,,
226,PATHMARK PHARMACY,2900 N BROAD ST,19132,,,YES,YES,,,,,,YES,,YES,,,,,,,
227,Patient Care Pharmacy,801 WASHINGTON AVE,19147,(215) 592-1668,,,,,,,,,,,,,,YES,YES,YES,,
228,Pelham Pharmacy,6555 GREENE ST,19119,(215) 848-0500,,,YES,,,,,,,YES,YES,,,YES,YES,,,
229,Penn Medical University City Apothecary,3737 MARKET ST,19104,(215) 294-9393,,,,,,,,,,,,,,YES,YES,,,
230,Penn Presbyterian Apothecary,3910 Powelton Ave,19104,(215) 662-9496,,,,,,,,,,,,,,YES,YES,,,
231,Penn Presbyterian Medical Center Pharmacy,51 N 39TH ST,19104,(215) 662-9494,,,,,,,,,,,,,,YES,YES,,,
232,Pennmark Pharmacy,1735 SOUTH ST,19146,(215) 735-1200,,,,,,,,,,,,,,YES,YES,,,
233,Pennsport Mall Pharmacy,237 MCCLELLAN ST,19148,(267) 639-4657,,,,,,,,,,,,,,YES,YES,,,
234,Pharmacy & Nutrition Shoppe,1331 E WYOMING AVE,19124,(215) 537-7626,,,,,,,,,,,,,,YES,YES,,,
235,Pharmacy Health Center,1700 S BROAD ST,19145,(215) 685-1834,,,,,,,,,,,,,,YES,YES,,,
236,Pharmacy Health Center,555 S 43RD ST,19104,(215) 685-7511,,,,,,,,,,,,,,YES,YES,,,
237,Pharmacy of America of III,217 W LEHIGH AVE,19133,(215) 279-7981,,,,,,,,,,,,,,YES,YES,YES,,
238,Pharmacy of America,1500 E ERIE AVE,19124,(215) 289-9500,,,,,,,,,,,,,,YES,YES,,,
239,Pharmacy of America of IV,1900 N 9TH ST,19122,(215) 787-9999,,,,,,,,,,,,,,YES,,YES,,
240,PHARMACY OF AMERICA LLC,5872 OXFORD AVE,19149,(215) 613-7900,,,,,,,,,,,YES,,,YES,YES,,,
241,Pharmacy of America of V,232 W GIRARD AVE,19123,(267) 858-4279,,,,,,,,,,,,,,YES,YES,,,
242,Pharmacy of America of VI,919 LEVICK ST,19111,(215) 535-0555,,,,,,,,,,,,,,YES,YES,,,
243,Philadelphia Health Center Pharmacy,131 E CHELTEN AVE,19144,(215) 685-5714,,,,,,,,,,,,,,YES,YES,,,
244,Pharmacy Strawberry Mansion Health Center,2840 DAUPHIN ST,19132,,,,,,,,,,,,,,,YES,YES,,,
245,Philadelphia Health Center Pharmacy,1900 N 20TH ST,19121,(215) 685-2936,,,,,,,,,,,,,,YES,YES,,,
246,Philadelphia Health Center Pharmacy,2230 COTTMAN AVE,19149,(215) 685-0616,,,,,,,,,,,,,,YES,YES,,,
247,Philadelphia Health Center Pharmacy,321 W GIRARD AVE,19123,(215) 685-3822,,,,,,,,,,,,,,YES,YES,,,
248,Philadelphia Health Center Pharmacy,4400 HAVERFORD AVE,19104,(215) 685-7626,,,,,,,,,,,,,,YES,YES,,,
249,PHILADELPHIAN PHCY. ,2401 PENNSYLVANIA AVE,19130,(215) 232-0533,,,YES,,,,,,YES,YES,,,,YES,YES,,,
250,PHILADELPHIA PHARMACY,101 E LEHIGH AVE,19133,(215) 425-2800,,,,,,,,,YES,YES,YES,,,YES,YES,,,
251,Philly Pharmacy,1900F GRANT AVE,19115,(215) 969-5180,,,,,,,,,,,,,,YES,YES,,,
252,PICKWICK PHARMACY,1700 MARKET ST,19103,(215) 563-4860,,,,,,,,,,,,,,YES,YES,,,
253,Point Breeze Pharmacy,1407 POINT BREEZE AVE,19146,(267) 886-9150,,,,,,,,,,,,,,YES,YES,,,
254,PORT RICHMOND PHARMACY,2512 E CLEARFIELD ST,19134,(215) 426-5099,,,,,,,,,YES,YES,YES,,,YES,YES,,,
255,QRX Pharmacy,7063 CASTOR AVE,19149,(215) 725-3784,,,,,,,,,,,YES,,,YES,YES,YES,,
256,QRX2 Pharmacy Medical Supply,7339 FRANKFORD AVE,19136,(215) 331-2100,,,,,,,,,,,,,,YES,YES,YES,,
257,QRX3 Pharmacy & Medical Supply,962 E TIOGA ST,19134,(267) 606-6363,,,,,,,,,,,,,,YES,YES,,,
258,RAPOPORT PHARMACY,6934 BUSTLETON AVE,19149,(215) 333-1566,,,,,,,,,,YES,,,,YES,YES,,,
259,Rena's Pharmacy,2904 S 70TH,19142,(267) 457-4555,,,,,,,,,,,,,,YES,YES,,,
260,Reses Pharmacy,5739 CHESTER AVE,19143,(215) 726-1224,,,,,,,,,,,,,,YES,YES,,,
261,Ridge Discount Pharmacy,1406 RIDGE AVE,19130,(267)-519-3387,,,,,,,,,,,,,,YES,YES,,,
262,Rising Sun Pharmacy,500 DEVEREAUX AVE,19111,(215) 613-6272,,,,,,,,,,,,,,YES,YES,,,
263,Rite Aid  Pharmacy,7700 CRITTENDEN ST Suite 101C,19118,(215) 242-8022,,YES,YES,,,,,YES,,YES,YES,YES,YES,YES,YES,,,
264,Rite Aid  Pharmacy,1000 MARKET ST,19107,(215) 351-5314,,YES,YES,,,,,,YES,YES,YES,YES,YES,YES,YES,,,
265,Rite Aid  Pharmacy,10 SNYDER AVE,19148,(215) 465-3270,,,,,,,,,,,,,,YES,YES,,,
266,Rite Aid  Pharmacy,9910 FRANKFORD AVE Suite 250,19114,(215) 824-2700,,YES,YES,,,,,YES,YES,YES,YES,YES,YES,YES,YES,YES,,
267,Rite Aid  Pharmacy,11750 BUSTLETON AVE,19116,(215) 934-6221,,,,,,,,,,,,,,YES,YES,,,
268,Rite Aid  Pharmacy,12311 ACADEMY RD,19154,(215) 637-4690,,,,,,,,,,,,,,YES,YES,,,
269,Rite Aid  Pharmacy,1201 W GIRARD AVE,19123,(215) 236-4859,,,,,,,,,,,,,,YES,YES,,,
270,Rite Aid  Pharmacy,1315 E WASHINGTON LN,19138,(215) 549-0555,,YES,YES,,,,,YES,YES,YES,YES,YES,YES,YES,YES,,,
271,Rite Aid  Pharmacy,136 N 63RD ST,19139,(215) 472-7820,,,,,,,,,,,,YES,YES,YES,YES,YES,,
272,Rite Aid  Pharmacy,1334 WINDRIM AVE,19141,(215) 455-6162,,YES,YES,,YES,,,,,YES,YES,YES,YES,YES,YES,,,
273,Rite Aid  Pharmacy,1443 S 7TH ST,19147,(215) 463-7748,,,,,,,,,,,,YES,YES,YES,YES,,,
274,Rite Aid  Pharmacy,1500 W MOYAMENSING AVE,19145,(215) 465-1475,,,,,,,,,,,,YES,YES,YES,YES,,,
275,Rite Aid  Pharmacy,1528 N BROAD ST,19121,(215) 765-9332,,,YES,YES,,,,,YES,YES,YES,YES,YES,YES,YES,,,
276,Rite Aid  Pharmacy,1628 CHESTNUT ST,19103,(215) 972-0234,,,,,,,,,,,,YES,YES,YES,YES,,,
277,Rite Aid  Pharmacy,164 W CHELTEN AVE,19144,(215) 438-5167,,YES,YES,,,,,YES,YES,YES,YES,YES,YES,YES,YES,,,
278,Rite Aid  Pharmacy,1900 ARCH ST,19103,"(717) 761-2633, (215) 587-2101",,,YES,YES,,,,,YES,YES,YES,YES,YES,YES,YES,,,
279,Rite Aid  Pharmacy,1924 FAIRMOUNT AVE,19130,(215) 765-5078,,,YES,YES,,,,,YES,YES,YES,YES,YES,YES,YES,,,
280,Rite Aid  Pharmacy,2000 HAMILTON ST,19130,(215) 567-2017,,,,,,,,,,,,YES,YES,YES,YES,,,
281,Rite Aid  Pharmacy,2017 S BROAD ST,19148,(215) 467-0850,,,,,,,,,,,,YES,YES,YES,YES,,,
282,Rite Aid  Pharmacy,2121 W LEHIGH AVE,19132,(215) 226-6479,YES,YES,YES,YES,,,,YES,YES,YES,YES,YES,YES,YES,YES,,,
283,Rite Aid  Pharmacy,2131 N BROAD ST,19122,(215) 236-2297,,,,,,,,,YES,YES,YES,,,YES,YES,YES,,
284,Rite Aid  Pharmacy,215 S BROAD ST,19107,(215) 735-3593,,,,,,,,,,,,,,YES,YES,,,
285,Rite Aid  Pharmacy,2301 WALNUT ST,19103,(215) 636-9634,YES,YES,YES,YES,,,,YES,YES,YES,YES,YES,YES,YES,YES,,,
286,Rite Aid  Pharmacy,2201 W ALLEGHENY AVE,19132,(215) 223-8979,YES,YES,YES,YES,,,,,,,YES,YES,YES,YES,YES,,,
287,Rite Aid  Pharmacy,2503 WELSH RD,19114,(215) 671-0544,,,YES,YES,,,,,YES,YES,YES,YES,YES,YES,YES,,,
288,Rite Aid  Pharmacy,2401 E VENANGO ST,19134,(215) 743-8530,,YES,YES,,,,,YES,YES,YES,YES,YES,YES,YES,YES,,,
289,Rite Aid  Pharmacy,2545 ARAMINGO AVE,19125,(215) 423-2361,,,,,,,,,,,,,,YES,YES,,,
290,Rite Aid  Pharmacy,2512 ISLAND AVE,19153,(215) 937-9665,,,,,,,,,,,,,,YES,YES,,,
291,Rite Aid  Pharmacy,260 W LEHIGH AVE,19133,(215) 425-3784,,,,,,YES,,,YES,YES,YES,YES,YES,YES,YES,,,
292,Rite Aid  Pharmacy,2801 W DAUPHIN ST,19132,(215) 225-1912,YES,YES,YES,YES,,YES,YES,YES,YES,YES,YES,YES,YES,YES,YES,,,
293,Rite Aid  Pharmacy,3000 REED ST,19146,(215) 467-7920,,,,,,,,,,,,,,YES,YES,,,
294,Rite Aid  Pharmacy,3200 RED LION RD,19114,(215) 637-1200,,,,,,,,,,,,YES,YES,YES,YES,,,
295,Rite Aid  Pharmacy,3260 N BROAD ST,19140,(215) 225-9704,YES,YES,YES,,,,,,YES,YES,YES,,,YES,YES,,,
296,Rite Aid  Pharmacy,338 E ALLEGHENY AVE,19134,(215) 634-4397,,,YES,,,,,YES,YES,YES,YES,YES,YES,YES,YES,YES,,
297,Rite Aid  Pharmacy,339 SPRING GARDEN ST,19123,(215) 625-9802,,,,,,,,,,,,YES,YES,YES,YES,,,
298,Rite Aid  Pharmacy,3601 MIDVALE AVE,19129,(215) 842-2950,,,,,,,,,,,,YES,YES,YES,YES,,,
299,Rite Aid  Pharmacy,3900 CASTOR AVE,19124,(215) 289-4566,,YES,YES,,,,,YES,YES,YES,YES,YES,YES,YES,YES,,,
300,Rite Aid  Pharmacy,4011 COTTMAN AVE,19135,(215) 332-8899,,YES,YES,,,,,YES,YES,YES,YES,YES,YES,YES,YES,,,
301,Rite Aid  Pharmacy,4000 WOODHAVEN RD,19154,(215) 637-7840,,YES,YES,,,,,YES,YES,YES,YES,YES,YES,YES,YES,YES,,
302,Rite Aid  Pharmacy,4055 MARKET ST,19104,(215) 382-4260,,YES,YES,,,,,YES,YES,YES,YES,YES,YES,YES,YES,YES,,
303,Rite Aid  Pharmacy,4390 RICHMOND ST,19137,(215) 533-6564,,YES,YES,,,,,YES,YES,YES,YES,YES,YES,YES,YES,,,
304,Rite Aid  Pharmacy,4530 N 5TH ST,19140,(215) 455-7330,,YES,YES,,,,,YES,YES,YES,YES,YES,YES,YES,YES,,,
305,Rite Aid  Pharmacy,4616 N BROAD ST,19140,(215) 329-4840,YES,YES,YES,YES,,,,YES,YES,YES,YES,YES,YES,YES,YES,,,
306,Rite Aid  Pharmacy,4641 CHESTNUT ST,19139,(215) 474-5447,,,,,,,,,,,,,,YES,YES,,,
307,Rite Aid  Pharmacy,5040 CITY LINE AVE,19131,(215) 877-2116,,,YES,YES,,,,,YES,YES,YES,YES,YES,YES,YES,,,
308,Rite Aid  Pharmacy,5214 BALTIMORE AVE,19143,(215) 476-1724,,,YES,YES,,,,,YES,YES,YES,YES,YES,YES,YES,,,
309,Rite Aid  Pharmacy,5272 TORRESDALE AVE,19124,(215) 535-6854,,YES,YES,,,,,YES,YES,YES,YES,YES,YES,YES,YES,YES,,
310,Rite Aid  Pharmacy,5301 CHEW AVE,19138,(215) 438-4695,,,,,,,,,,,,YES,YES,YES,YES,,,
311,Rite Aid  Pharmacy,5440 LANSDOWNE AVE,19131,(215) 877-1506,,,,,,,,,,,,,,YES,YES,,,
312,Rite Aid  Pharmacy,5400 RISING SUN AVE,19120,(215) 329-0312,YES,YES,YES,YES,,,,YES,YES,YES,YES,YES,YES,YES,YES,,,
313,Rite Aid  Pharmacy,5612 N 5TH ST,19120,(215) 927-0366,,,YES,,,YES,YES,,YES,YES,YES,,,YES,YES,,,
314,Rite Aid  Pharmacy,5627 CHESTNUT ST,19139,(215) 474-1163,,,,,,,YES,,YES,YES,YES,YES,YES,YES,YES,,,
315,Rite Aid  Pharmacy,5694 RISING SUN AVE,19120,(215) 725-5132,,YES,YES,,,,,YES,YES,YES,YES,YES,YES,YES,YES,,,
316,Rite Aid  Pharmacy,6101 N BROAD ST,19141,(215) 924-9645,,YES,YES,,,,,YES,YES,YES,YES,YES,YES,YES,YES,,,
317,Rite Aid  Pharmacy,5911 RIDGE AVE,19128,(215) 482-1992,,YES,YES,,,,,YES,YES,YES,YES,YES,YES,YES,YES,,,
318,Rite Aid  Pharmacy,6201 GERMANTOWN AVE,19144,(215) 713-2695,,YES,YES,,,,,YES,YES,YES,YES,YES,YES,YES,,YES,,
319,Rite Aid  Pharmacy,6327 TORRESDALE AVE,19135,(215) 331-9929,,,,,,,,,,,,,,YES,YES,,,
320,Rite Aid  Pharmacy,6363 FRANKFORD AVE,19135,(215) 335-4882,,YES,YES,,,,,YES,YES,YES,YES,YES,YES,YES,YES,,,
321,Rite Aid  Pharmacy,6401 OXFORD AVE,19111,(215) 745-2557,,YES,YES,,,,,YES,YES,YES,YES,YES,YES,YES,YES,,,
322,Rite Aid  Pharmacy,6515 CASTOR AVE,19149,(215) 535-2800,,,,,,,,,,,,,,YES,YES,,,
323,Rite Aid  Pharmacy,6731 WOODLAND AVE,19142,(215) 724-9677,,,,,,,,,,,,,YES,YES,YES,,,
324,Rite Aid  Pharmacy,6744 N 5TH ST,19126,(215) 224-2060,,YES,YES,,,,,YES,YES,YES,YES,YES,YES,YES,YES,,,
325,Rite Aid  Pharmacy,730 MARKET ST,19106,(215) 627-6433,,,,,,,,,,,,,,YES,YES,,,
326,Rite Aid  Pharmacy,704 E PASSYUNK AVE,19147,(215) 627-3151,,,YES,YES,,,,,YES,YES,YES,YES,YES,YES,YES,,,
327,Rite Aid  Pharmacy,7401 OGONTZ AVE,19138,(215) 224-9997,,YES,,,,,,,YES,YES,YES,YES,YES,YES,YES,,,
328,Rite Aid  Pharmacy,7418 OXFORD AVE,19111,(215) 725-6660,,YES,YES,,,,,YES,YES,YES,YES,YES,YES,YES,YES,,,
329,Rite Aid  Pharmacy,7564 HAVERFORD AVE,19151,(215) 878-4636,,,,,,,,,,,,,YES,YES,YES,,,
330,Rite Aid  Pharmacy,7615 LINDBERGH BLVD,19153,(215) 492-0492,,YES,YES,,,,,YES,YES,YES,YES,YES,YES,YES,YES,,,
331,Rite Aid  Pharmacy,7941 OXFORD AVE,19111,(215) 745-9060,,YES,YES,,,,,YES,YES,YES,YES,YES,YES,YES,YES,,,
332,Rite Aid  Pharmacy,7972 CASTOR AVE,19152,(215) 728-4981,,YES,YES,,,,,YES,YES,YES,YES,YES,YES,YES,YES,,,
333,Rite Aid  Pharmacy,801 S 9TH ST,19147,(215) 925-4481,,,YES,YES,,,,,YES,YES,YES,YES,YES,YES,YES,,,
334,Rite Aid  Pharmacy,810 S BROAD ST,19146,(215) 985-0113,,,,,,,,,,,,YES,YES,YES,YES,,,
335,Rite Aid  Pharmacy,8235 STENTON AVE,19150,(215) 247-8535,,YES,YES,,,,,YES,YES,YES,YES,YES,YES,YES,YES,,,
336,Rite Aid  Pharmacy,8130 ROOSEVELT BLVD,19152,(215) 331-0160,,,,,,,,,,,,,,YES,YES,,,
337,Rite Aid  Pharmacy,8445 FRANKFORD AVE,19136,(215) 333-0535,,YES,YES,,,,,YES,YES,YES,YES,YES,YES,YES,YES,,,
338,Rite Aid  Pharmacy,9280 KREWSTOWN RD,19115,(215) 676-1453,,YES,YES,,,,,YES,YES,YES,YES,YES,YES,YES,YES,,,
339,Rite Aid  Pharmacy,9200 FRANKFORD AVE,19114,(215) 708-1591,,YES,YES,,,,,YES,YES,YES,YES,YES,YES,YES,YES,,,
340,Rite Aid  Pharmacy,9920 BUSTLETON AVE,19115,(215) 464-1177,,,,,,,,,,,,,,YES,YES,,,
341,Rite Aid  Pharmacy,9773 ROOSEVELT BLVD,19114,(215) 673-0747,,YES,YES,,,,,YES,YES,YES,YES,YES,YES,YES,YES,,,
342,RITE AID PHARMACY,1021 W GIRARD AVE,19123,,,,YES,YES,,,,,YES,YES,YES,YES,YES,,,,,
343,RITE AID PHARMACY,113 W WYOMING AVE,19140,,YES,YES,YES,YES,,,YES,YES,,YES,YES,YES,YES,,,,,
344,Ritechoice Pharmacy,4700 WISSAHICKON AVE,19144,(267) 336-7506,,,,,,,,,,,,,,YES,YES,,,
345,RiteChoice Pharmacy,850 N 11TH ST,19123,(215) 769-2155,,,,,,,,,,,,,,YES,YES,,,
346,RXD Medication Services,1335 W TABOR RD,19141,(215) 927-6700,,,,,,,,,,,,,,YES,YES,,,
347,Sam's Pharmacy,1000 FRANKLIN MILLS CIRCLE,19154,(215) 281-1631,,,,,,,,,,,,,,YES,YES,YES,,
348,ROSICA PHARMACY,2065 SNYDER AVE,19145,(215) 334-4477,,,,,,,,,,,,,,YES,YES,,,
349,SAMUEL J. ROBINSON PHCY,2848 W LEHIGH AVE,19132,(215) 228-7177,,YES,YES,,,,,,YES,YES,YES,,YES,YES,YES,,,
350,Sankofa Pharmacy,7223 RISING SUN AVE,19111,(215) 268-3426,,,,,,,,,,,,,,YES,YES,YES,,
351,SAV-MOR PHARMACY,2232 S 7TH ST,19148,(215) 467-1220,,,,,,,,,,,,,,YES,YES,,,
352,Savon Pharmacy,6640 OXFORD AVE,19111,(215) 725-9319,,,,,,,,,,,,,,YES,YES,,,
353,Savon Pharmacy,920 RED LION RD,19115,(215) 676-6279,,,,,,,,,,,,,,YES,YES,,,
354,Shop and Carry Pharmacy Inc,1301 LINDLEY AVE,19141,(267) 297-5030,,,,,,,,,,,,,,YES,YES,,,
355,Sedgley Plaza Pharmacy Inc,2815 RIDGE AVE,19121,(215) 978-0104,,,,,,,,,,,,,,YES,YES,,,
356,SHOP RITE PHCY (#402),6301 OXFORD AVE,19111,(215) 744-0800,,,,,,,,,,,,,YES,YES,YES,,,
357,SHOP RITE PHARMACY,1575 N 52ND ST,19131,(215) 220-8800,,,,,,,,,,,,,,YES,YES,,,
358,SHOP RITE PHCY. (#537),101 E OLNEY AVE,19120,(215) 224-7505,,,,,,,,,,,,,,YES,YES,,,
359,Shoprite Pharmacy,11000 ROOSEVELT BLVD,19116,(215) 673-1210,,,,,,,,,,,,,,YES,YES,,,
360,Shoprite Pharmacy,9910 FRANKFORD AVE,19114,(215)-637-1555,,,,,,,,,,,,,,YES,YES,,,
361,Shoprite Pharmacy,2385 W CHELTENHAM AVE,19150,(215) 885-7779,,,,,,,,,,,,,,YES,YES,,,
362,Shoprite Pharmacy,2800 FOX ST,19129,(215) 717-1422,,,,,,,,,,,,,,YES,YES,,,
363,Shoprite Pharmacy,3745 ARAMINGO AVE,19137,(215) 288-2828,,,,,,,,,,,,,,YES,YES,,,
364,Shoprite Pharmacy,2946 ISLAND AVE,19153,(215) 937-0327,,,,,,,,,,,,,,YES,YES,,,
365,Shoprite Pharmacy,5675 N FRONT ST,19120,(215) 224-7505,,,,,,,,,YES,YES,YES,,,YES,YES,,,
366,Shoprite Pharmacy,6901 RIDGE AVE,19128,(215) 482-7900,,,,,,,,,,,,,,YES,YES,,,
367,Sidney Hillman M/C Pharmacy,1740 SOUTH ST,19146,(215) 496-9595,,,,,,,,,,,,,,YES,YES,,,
368,SILVERMAN PHARMACY,2501 S 7TH ST,19148,(215) 465-3081,,,,,,,,,,,,,,YES,YES,,,
369,Smith's Pharmacy,133 W HUNTING PARK AVE,19140,(215) 324-5100,YES,,,,YES,YES,YES,,YES,YES,YES,YES,YES,YES,YES,,,
370,Smith's Pharmacy,841 E HUNTING PARK AVE,19124,(215) 537-3000,,,,,,,,,,YES,YES,YES,YES,YES,YES,,,
371,SS Pharmacy,8275 BUSTLETON AVE,19152,(215) 722-5300,,,,,,,,,,,,,,YES,,YES,,
372,SUBURBAN PHARMACY,10875 BUSTLETON AVE,19116,(215) 673-0994,,,,,,,,,,,,,,YES,YES,,,
373,SUN RAY DRUGS,25 S 60TH ST,19139,(215) 474-4550,,,,,,,,,,,,,,YES,YES,,,
374,SUMMERDALE PHARMACY,900 E SANGER ST,19124,(215) 743-6349,,,,,,,,,,,,,,YES,YES,,,
375,SUN RAY DRUGS,142 S 52ND ST,19139,(215) 474-4615,,,,,,,,,,,,,,YES,YES,,,
376,SUN RAY DRUGS,3635 GERMANTOWN AVE,19140,(215) 223-2033,,,,,,,,,,,,,,YES,YES,,,
377,SUN RAY DRUGS,5537 MARKET ST,19139,(215) 474-1700,,,,,,,,,,,,,,YES,YES,,,
378,SUN RAY/PROGRESS PLAZA,1501 N BROAD ST,19122,(215) 235-4000,,,,,,,,,,,,,,YES,YES,,,
379,SUNRAY DRUGS,4323 CHESTNUT ST,19104,(215) 387-5000,,,,,,,,,,,,,,YES,YES,,,
380,SUNRAY DRUGS,424 E ALLEGHENY AVE,19134,(215) 423-8500,,,,,,,,,,,,,,YES,YES,,,
381,SUNRAY DRUGS,5006 BALTIMORE AVE,19143,(215) 748-1000,,,,,,,,,,,,,,YES,YES,,,
382,SUNRAY DRUGS,825 E ALLEGHENY AVE,19134,(215) 425-7700,,,,,,,,,,,,,,YES,YES,,,
383,Tacony Pharmacy,7100 TORRESDALE AVE,19135,(267) 686-6256,,,,,,,,,,,,,,YES,YES,,,
384,Tang Pharmacy II,5600 N 5TH ST,19120,(215) 224-3333,,,,,,,,,,,YES,,,YES,YES,,,
385,Tang Pharmacy IV,900 N BROAD ST,19130,(215) 235-1400,,,,,,,,,,,,,,YES,YES,,,
386,Tang Pharmacy III,6801 RISING SUN AVE,19111,(215) 725-6555,,,,,,,,,,,,,,YES,YES,,,
387,Tang Pharmacy V,7452 OGONTZ AVE,19138,(215) 548-1800,,,,,,,,,,,,,,YES,YES,,,
388,Temple University Hospital Outpatient Pharmacy,3401 N BROAD ST,19140,(215) 560-8161,,,,,,,,,,,,,,YES,YES,,,
389,The New Pharmacy,4624 WOODLAND AVE,19143,(215) 883-0568,,,,,,,,,,,,,,YES,YES,,,
390,The Apple Pharmacy,ERIE AVE AT FRONT ST,19134,(215) 427-6527,,,,,,,,,,,,,,YES,YES,,,
391,The Medicine Shoppe,3025 KENSINGTON AVE,19134,(215) 426-0250,,,,,,,,,,,,,,YES,YES,,,
392,Torresdale Pharmacy,3998 RED LION RD,19114,(215) 612-5400,,,,,,,,,,,,,,YES,YES,,,
393,TRANS DRUG STORE,5466 SPRUCE ST,19139,(215) 747-4700,,,,,,,,,,,,,,YES,YES,,,
394,"TRANS DRUG STORE, INC",6218 WOODLAND AVE,19142,(215) 729-1703,,,,,,,,,,,,,,YES,YES,,,
395,TRX PHARMACY,5520 WHITAKER AVE,19124,(215) 288-8701,,,,,,,,,,,,,,YES,YES,,,
396,United Pharmacy,206 CHELTEN AVE,19144,(215) 438-3880,,,,,,,,,,,,,,YES,,YES,,
397,Universal Pharmacy,3908 KENSINGTON AVE,19124,(215) 245-2020,,,,,,,,,,,,,,YES,YES,,,
398,UrbanCare Pharmacy,169 W LEHIGH AVE,19133,(267) 858-4662,,,,,,,,,,,,,,YES,YES,,,
399,Value Rx Pharmacy,2842 COTTMAN AVE,19149,(215) 941-6240,,,,,,,,,,,,,,YES,YES,,,
400,W GIRARD HEALTH PHARMACY,1207 N 5TH ST,19122,(215) 235-3245,,,,,,,,,,,,,,YES,YES,,,
401,VERREE PHARMACY,7960 VERREE RD,19111,(215) 342-0100,,,,,,,,,,,,,,YES,YES,YES,,
402,W Town Pharmacy,5259 RODMAN ST,19143,(215) 921-9346,,,,,,,,,,,,,,YES,YES,,,
403,W VILLAGE PHARMACY,3901 CONSHOHOCKEN AVE,19131,(215) 879-2520,,,,,,,,,,,,,,YES,YES,YES,,
404,Walgreens Pharmacy,1 S BROAD ST,19107,(267) 330-0290,,,YES,YES,,,,,YES,YES,YES,YES,YES,YES,YES,,,
405,Walgreens Pharmacy,10000 BUSTLETON AVE,19116,(215) 698-1878,,,,,,,,,,,,YES,YES,YES,YES,,,
406,Walgreens Pharmacy,1101 LOCUST ST,19107,(215) 629-5690,,,,,,,,,,,,,YES,YES,YES,,,
407,Walgreens Pharmacy,12050 BUSTLETON AVE,19116,(215) 673-0937,,,YES,YES,,,,,YES,YES,YES,YES,YES,YES,YES,,,
408,Walgreens Pharmacy,1227 LOCUST ST,19107,(215) 772-2772,,,,,,,,,,,,,,YES,YES,YES,,
409,Walgreens Pharmacy,1347 CHESTNUT ST,19107,(267) 330-0290,,,,,,,,,,,,,,YES,YES,,,
410,Walgreens Pharmacy,1617 JOHN F KENNEDY BLVD,19103,(215) 561-1316,,YES,YES,,,,,,YES,,YES,YES,YES,YES,YES,,,
411,Walgreens Pharmacy,1607 BRIDGE ST,19124,(215) 537-0169,,,YES,YES,,,,,YES,YES,YES,YES,YES,YES,YES,,,
412,Walgreens Pharmacy,1800 SOUTH ST,19146,(267) 273-7585,,YES,YES,,,,,,YES,,YES,YES,YES,YES,YES,,,
413,Walgreens Pharmacy,2014 S BROAD ST,19145,(215) 551-3818,,,YES,YES,,,,,YES,YES,YES,YES,YES,YES,YES,YES,,
414,Walgreens Pharmacy,1809 E ALLEGHENY AVE,19134,(215) 426-0956,,YES,YES,,,,,,YES,,YES,YES,YES,YES,YES,,,
415,Walgreens Pharmacy,245 N BROAD ST,19107,(215) 563-9809,,,YES,YES,,,,,YES,YES,YES,YES,YES,YES,YES,YES,,
416,Walgreens Pharmacy,2310 W OREGON AVE,19145,(215) 468-2481,,,YES,YES,,,,,YES,YES,YES,YES,YES,YES,YES,YES,,
417,Walgreens Pharmacy,300 N 63RD ST,19139,(215) 476-2094,,,,,,,,,,,,,YES,YES,YES,,,
418,Walgreens Pharmacy,2655 S 10TH ST,19148,(215) 467-6050,,,YES,YES,,,,,YES,YES,YES,YES,YES,YES,YES,,,
419,Walgreens Pharmacy,4001 KENSINGTON AVE,19124,(215) 537-2304,,,,,,,,,,,,,,YES,YES,YES,,
420,Walgreens Pharmacy,4201 N BROAD ST,19140,(215) 457–3877,,,YES,,,,,,YES,YES,YES,,,YES,YES,YES,,
421,Walgreens Pharmacy,5627 GERMANTOWN AVE,19144,(215) 848-4651,,,YES,YES,,,,,YES,YES,YES,YES,YES,YES,YES,,,
422,Walgreens Pharmacy,7001 FRANKFORD AVE,19135,(215) 543-0715,,,YES,YES,,,,,YES,YES,YES,YES,YES,YES,YES,,,
423,Walgreens Pharmacy,807 LOCUST ST,19107,(215) 625-7902,,,,,,,,,,,,,,YES,YES,,,
424,Walgreens Pharmacy,7201 CASTOR AVE,19149,(215) 554-6750,,,YES,YES,,,,,YES,YES,YES,YES,YES,YES,YES,,,
425,Wal-Mart Pharmacy,2200 WHEATSHEAF LN,19137,(215) 613-1979,,,,,,,,,,,,,,YES,YES,,,
426,Walgreens Pharmacy,8828 FRANKFORD AVE,19136,(215) 338-4010,,,,,,,,,,,,,,YES,YES,,,
427,Wal-Mart Pharmacy,4301 BYBERRY RD,19154,(215) 281-3446,,YES,YES,,,,,,YES,YES,YES,YES,YES,YES,YES,,,
428,Wal-Mart Pharmacy,1675 S CHRISTOPHER COLUMBUS BLVD,19148,(215) 468-4230,,YES,YES,,,,,,YES,YES,YES,YES,YES,YES,YES,,,
429,Wal-Mart Pharmacy,9745 ROOSEVELT BLVD,19114,(215) 698-1236,,YES,YES,,,,,,YES,YES,YES,YES,YES,YES,YES,,,
430,Wal-Mart Pharmacy,4600 E ROOSEVELT BLVD,19124,(215) 288-3900,,YES,YES,,,,,YES,YES,YES,YES,YES,YES,YES,YES,,,
431,WASHINGTON SQUARE PHARMACY,241 S 6TH ST,19106,(215) 925-1466,,,YES,,,,,,YES,,YES,,,YES,YES,,,
432,WELLAID PHARMACY,21 S 63RD ST,19139,,,,,,,,,,,,YES,,,,,,,
433,Wellcare Pharmacy,2220 COTTMAN AVE,19149,(267) 538-2685,,,,,,,,,,,,,,YES,YES,,,
434,Wellcare Pharmacy,600 WASHINGTON AVE,19147,(267) 488-1099,,,,,,,,,,,,,,YES,YES,,,
435,WELLNESS PHARMACY,2337 RIDGE AVE,19121,(215) 800-1248,,,,,,,,,,,,,,YES,YES,YES,,
436,Wynnecare Pharmacy,2230 BRYN MAWR AVE,19131,(267) 353-8159,,,,,,,,,,,,,,YES,YES,,,
437,YORK STREET PHARMACY,2334 E YORK ST,19125,(215) 427-1200,,,,,,,,,,,,,,YES,YES,,,
438,Wynnefield Pharmacy,1901 N 54TH ST,19131,(215) 222-2400,,,,,,,,,,,,,,YES,YES,,,
